date,price,ret_1m
2000-01-31,27.65,
2000-02-29,30.57,0.10039340793439946
2000-03-31,26.86,-0.1293809448076517
2000-04-30,25.71,-0.043758169817293385
2000-05-31,29.03,0.12144975675874034
2000-06-30,32.44,0.1110624512106736
2000-07-31,27.5,-0.16520622457468645
2000-08-31,33.09,0.18504511726099537
2000-09-30,30.87,-0.06944628341945294
2000-10-31,32.7,0.05759023938913978
2000-11-30,33.61,0.02744856383380642
2000-12-31,26.72,-0.22941129306856936
2001-01-31,28.62,0.06869342545986
2001-02-28,27.35,-0.04538924526031465
2001-03-31,26.37,-0.03648952850279492
2001-04-30,28.48,0.07697508617857961
2001-05-31,28.39,-0.0031651160588952406
2001-06-30,26.37,-0.07380997011968454
2001-07-31,26.7,0.012436565041008563
2001-08-31,26.65,-0.0018744147943503039
2001-09-30,23.44,-0.1283451859030416
2001-10-31,21.2,-0.1004427830308452
2001-11-30,19.46,-0.08564010492010768
2001-12-31,19.96,0.025369194125459005
2002-01-31,19.71,-0.012604149718689122
2002-02-28,21.78,0.09986599634018563
2002-03-31,26.21,0.1851488998305005
2002-04-30,27.32,0.04147801736727436
2002-05-31,25.37,-0.07405166109139874
2002-06-30,26.79,0.05446130994532686
2002-07-31,27.02,0.008548648975535538
2002-08-31,28.97,0.06968347924920618
2002-09-30,30.59,0.05441234638155311
2002-10-31,27.18,-0.11819174943981445
2002-11-30,26.87,-0.011470986095597704
2002-12-31,31.21,0.14972813365528811
2003-01-31,33.51,0.07110534546653084
2003-02-28,36.76,0.09256639573826725
2003-03-31,31.14,-0.16591713108163392
2003-04-30,26.09,-0.17694106725721528
2003-05-31,29.56,0.12486999693136397
2003-06-30,30.15,0.01976282709319332
2003-07-31,30.56,0.013507041125125298
2003-08-31,31.76,0.038515672080615404
2003-09-30,29.19,-0.08438145151291153
2003-10-31,29.24,0.0017114500155541682
2003-11-30,30.33,0.03659968681891206
2003-12-31,32.51,0.06941041261532431
2004-01-31,33.16,0.019796595951280156
2004-02-29,36.08,0.0843943649273288
2004-03-31,35.75,-0.009188426054406255
2004-04-30,37.31,0.04271111809304987
2004-05-31,39.9,0.06711493666275126
2004-06-30,36.92,-0.07762291426116633
2004-07-31,43.72,0.1690522536736863
2004-08-31,42.23,-0.03467479436248568
2004-09-30,49.56,0.16005318781508954
2004-10-31,51.78,0.043819917562449795
2004-11-30,49.16,-0.05192368962555765
2004-12-31,43.36,-0.1255429275664433
2005-01-31,48.25,0.10685847065360413
2005-02-28,51.75,0.07002860436048355
2005-03-31,55.31,0.06652929186110824
2005-04-30,49.2,-0.1170601005083242
2005-05-31,52.08,0.05688737440205121
2005-06-30,56.63,0.08375788222539986
2005-07-31,60.71,0.06956954901662894
2005-08-31,68.63,0.12262132777820053
2005-09-30,66.21,-0.035898247983788587
2005-10-31,59.8,-0.10182584798016867
2005-11-30,57.33,-0.042181614036294675
2005-12-31,61.06,0.06303294038644054
2006-01-31,67.86,0.10558977204935216
2006-02-28,61.37,-0.1005256429550785
2006-03-31,66.25,0.07651434846532602
2006-04-30,71.8,0.08044901118784677
2006-05-31,71.42,-0.005306533887876077
2006-06-30,73.94,0.0346760113421835
2006-07-31,74.56,0.008350216868849842
2006-08-31,70.38,-0.057695038483896746
2006-09-30,62.9,-0.11236296818704417
2006-10-31,58.72,-0.0687657794001347
2006-11-30,62.97,0.06987803819439112
2006-12-31,60.85,-0.034246603067115085
2007-01-31,58.17,-0.04504206151086607
2007-02-28,61.78,0.06020992956776555
2007-03-31,65.94,0.06516555015314929
2007-04-30,65.78,-0.0024293968826740665
2007-05-31,64.02,-0.02712030621919401
2007-06-30,70.47,0.09599155279721407
2007-07-31,78.2,0.10408256021233425
2007-08-31,73.98,-0.055474861146957426
2007-09-30,81.64,0.09852455153733612
2007-10-31,94.16,0.14267612501037719
2007-11-30,88.6,-0.06086360534098602
2007-12-31,95.95,0.0796953648426737
2008-01-31,91.67,-0.04563205048002468
2008-02-29,101.78,0.10461844918700236
2008-03-31,101.54,-0.002360811641438304
2008-04-30,113.7,0.11311059123724203
2008-05-31,127.35,0.11337580066897564
2008-06-30,139.96,0.0944174660740214
2008-07-31,124.17,-0.1197050730707366
2008-08-31,115.55,-0.07194825770836102
2008-09-30,100.7,-0.13755753699587311
2008-10-31,68.1,-0.39116858656905
2008-11-30,55.21,-0.20983311685951336
2008-12-31,44.6,-0.21341023726993477
2009-01-31,41.73,-0.06651356442255722
2009-02-28,44.15,0.056372632446507906
2009-03-31,49.64,0.11720403328643746
2009-04-30,50.35,0.014201658828164787
2009-05-31,66.31,0.2753420962162049
2009-06-30,69.82,0.05157978629611359
2009-07-31,69.26,-0.008052962702613872
2009-08-31,69.97,0.01019903978352933
2009-09-30,70.46,0.006978594155286082
2009-10-31,77.04,0.08927959457677861
2009-11-30,77.19,0.0019451474718923075
2009-12-31,79.39,0.028102500775259484
2010-01-31,72.85,-0.08596988309580827
2010-02-28,79.72,0.09011796270338022
2010-03-31,83.45,0.04572715476325007
2010-04-30,86.07,0.030913268553538976
2010-05-31,74.0,-0.1510958254572133
2010-06-30,75.59,0.02125890609991564
2010-07-31,78.85,0.042223314104961884
2010-08-31,71.93,-0.09185388952978239
2010-09-30,79.95,0.10570801540069824
2010-10-31,81.45,0.018587895768090983
2010-11-30,84.12,0.03225501578644488
2010-12-31,91.38,0.08278228530062633
2011-01-31,90.99,-0.0042770257665259714
2011-02-28,97.1,0.06499176492867971
2011-03-31,106.19,0.08948856711847503
2011-04-30,113.39,0.06560326156799423
2011-05-31,102.7,-0.09902108704923586
2011-06-30,95.3,-0.07478230627435613
2011-07-31,95.68,0.003979479542165238
2011-08-31,88.81,-0.07451003393190887
2011-09-30,78.93,-0.11793787255010163
2011-10-31,93.19,0.16607903607725302
2011-11-30,100.36,0.07412330170065748
2011-12-31,98.83,-0.015362519110128975
2012-01-31,98.46,-0.003750828058038018
2012-02-29,107.08,0.0839258443220972
2012-03-31,103.03,-0.038556010695175086
2012-04-30,104.89,0.017891974016535882
2012-05-31,86.52,-0.1925365808886546
2012-06-30,85.04,-0.01725386705116537
2012-07-31,88.08,0.035123758380731944
2012-08-31,96.47,0.09098658676803778
2012-09-30,92.18,-0.0454888918900999
2012-10-31,86.23,-0.06672504232812916
2012-11-30,88.54,0.02643628233976187
2012-12-31,91.83,0.0364846143214357
2013-01-31,97.65,0.06145061569725722
2013-02-28,92.03,-0.05927504647192249
2013-03-31,97.24,0.05506753859715704
2013-04-30,93.22,-0.04221985850332772
2013-05-31,91.93,-0.01393487306893156
2013-06-30,96.36,0.04706375987100725
2013-07-31,105.1,0.08682110013623481
2013-08-31,107.98,0.02703374690723548
2013-09-30,102.36,-0.05345001349855288
2013-10-31,96.29,-0.06113154003939537
2013-11-30,92.55,-0.039615432232686106
2013-12-31,98.17,0.05895163068492351
2014-01-31,97.55,-0.006335602635309847
2014-02-28,102.88,0.05319819342018908
2014-03-31,101.57,-0.012815044537899488
2014-04-30,100.07,-0.014878274849045074
2014-05-31,103.4,0.03273502097196427
2014-06-30,106.07,0.025494291443049887
2014-07-31,98.23,-0.07678758583060058
2014-08-31,97.86,-0.003773781825800751
2014-09-30,91.17,-0.07081199026416606
2014-10-31,80.53,-0.12409610978935784
2014-11-30,65.94,-0.19988454816386864
2014-12-31,53.45,-0.2099986001725306
2015-01-31,47.79,-0.11193022488098742
2015-02-28,49.84,0.04200146188913093
2015-03-31,47.72,-0.04346727724948241
2015-04-30,59.62,0.22264049102020997
2015-05-31,60.25,0.010511484120839139
2015-06-30,59.48,-0.01286245077881014
2015-07-31,47.11,-0.23315482888000458
2015-08-31,49.2,0.04340833078631275
2015-09-30,45.06,-0.08789868849416402
2015-10-31,46.6,0.03360560612750181
2015-11-30,40.43,-0.14202845747892065
2015-12-31,37.13,-0.08514681546369071
2016-01-31,33.66,-0.09811507942632894
2016-02-29,32.74,-0.027712616819670962
2016-03-31,36.94,0.12069740282810486
2016-04-30,45.98,0.2189115445639416
2016-05-31,49.1,0.06565251546543943
2016-06-30,48.27,-0.017048785128073354
2016-07-31,41.54,-0.15015343122443536
2016-08-31,44.68,0.07286915575303383
2016-09-30,47.72,0.06582462302871545
2016-10-31,46.83,-0.01882657403426497
2016-11-30,49.41,0.05362880966220826
2016-12-31,53.75,0.08419083415011351
2017-01-31,52.75,-0.01877989465159636
2017-02-28,54.0,0.023420274208098422
2017-03-31,50.54,-0.0662189446042262
2017-04-30,49.31,-0.024638201724013396
2017-05-31,48.29,-0.02090240035058428
2017-06-30,46.02,-0.048148415278230584
2017-07-31,50.21,0.0871381254393943
2017-08-31,47.26,-0.06054993828785243
2017-09-30,51.67,0.08921307054033152
2017-10-31,54.36,0.050751246983849696
2017-11-30,57.4,0.054415714042577765
2017-12-31,60.46,0.05193768602579124
2018-01-31,64.82,0.06963220836208911
2018-02-28,61.43,-0.05371588253756523
2018-03-31,64.87,0.05448695204912811
2018-04-30,68.56,0.05532400706456025
2018-05-31,66.98,-0.023315206923465837
2018-06-30,74.13,0.10142624130256982
2018-07-31,69.88,-0.05904082340277255
2018-08-31,69.84,-0.0005725737345089708
2018-09-30,73.16,0.04644191199131802
2018-10-31,65.31,-0.1135036596080991
2018-11-30,50.78,-0.25164258763803343
2018-12-31,45.15,-0.11751229641353798
2019-01-31,53.84,0.17602640547347806
2019-02-28,57.21,0.06071202294396502
2019-03-31,60.19,0.05077751727924204
2019-04-30,63.83,0.058717073708286424
2019-05-31,53.49,-0.17672857872480713
2019-06-30,58.2,0.08439063419423341
2019-07-31,58.53,0.005654088565737375
2019-08-31,55.07,-0.06093434002873943
2019-09-30,54.09,-0.017955777391054507
2019-10-31,54.02,-0.0012949775188661151
2019-11-30,58.12,0.07315549033761264
2019-12-31,61.14,0.050656477760606264
2020-01-31,51.58,-0.17003231600948976
2020-02-29,44.83,-0.14025644228585057
2020-03-31,20.51,-0.7819649860830588
2020-04-30,19.23,-0.06444101248360097
2020-05-31,35.57,0.6150310263596754
2020-06-30,39.27,0.09895828262955439
2020-07-31,40.1,0.020915465722605157
2020-08-31,42.61,0.06071263319929704
2020-09-30,40.05,-0.06196029399745254
2020-10-31,35.64,-0.11666007091175962
2020-11-30,45.2,0.23762848423557695
2020-12-31,48.35,0.06736913506111769
2021-01-31,52.16,0.07584969571909403
2021-02-28,61.55,0.16553393501206493
2021-03-31,59.19,-0.039097243927828804
2021-04-30,63.5,0.07028729719601237
2021-05-31,66.31,0.043300809482130366
2021-06-30,73.52,0.10321676266665529
2021-07-31,73.93,0.005561221521577166
2021-08-31,68.43,-0.07730737460460235
2021-09-30,75.22,0.09460582807778378
2021-10-31,83.5,0.10442947881461954
2021-11-30,66.14,-0.23307292430316304
2021-12-31,75.33,0.13010475428395657
2022-01-31,89.16,0.16855404668006485
2022-02-28,96.13,0.0752689335600566
2022-03-31,100.53,0.04475474833960396
2022-04-30,104.59,0.03959175434884805
2022-05-31,114.38,0.08947829372099325
2022-06-30,107.76,-0.05961970638506148
2022-07-31,101.31,-0.061721409036522575
2022-08-31,90.09,-0.11737595240223735
2022-09-30,79.91,-0.1199081692769772
2022-10-31,86.54,0.07970573341036737
2022-11-30,80.48,-0.07259802844530973
2022-12-31,80.16,-0.003984069014874459
2023-01-31,78.95,-0.015209896634903483
2023-02-28,76.88,-0.02656897603961414
2023-03-31,75.68,-0.01573183991841412
2023-04-30,76.78,0.014430264829028837
2023-05-31,68.11,-0.11982014431942473
2023-06-30,70.66,0.03675559667777202
2023-07-31,81.8,0.14639760167770227
2023-08-31,83.55,0.02116801143270143
2023-09-30,90.77,0.0828835794971332
2023-10-31,81.64,-0.1060094965968918
2023-11-30,75.66,-0.07606971873676095
2023-12-31,71.89,-0.051112446209102956
2024-01-31,76.28,0.059273607736438194
2024-02-29,79.22,0.0378180114615523
2024-03-31,83.96,0.058111702758661524
2024-04-30,83.49,-0.005613630746523092
2024-05-31,77.97,-0.06840272688440052
2024-06-30,82.83,0.060466177288664096
2024-07-31,79.36,-0.042795851633555364
2024-08-31,74.52,-0.06292691724322969
2024-09-30,68.75,-0.08059080918670693
2024-10-31,69.58,0.012000433177115261
2024-11-30,68.26,-0.01915322624523489
2024-12-31,72.44,0.05943468953665161
2025-01-31,72.84,0.005506621844194737
2025-02-28,69.97,-0.04019867610160193
2025-03-31,71.87,0.026792352722546004
2025-04-30,59.55,-0.1880426356790422
2025-05-31,61.46,0.03157026090102944
2025-06-30,66.3,0.07580334048947822
2025-07-31,70.36,0.059435022677540604
2025-08-31,64.36,-0.08913259774517499
2025-09-30,63.17,-0.01866281721357342
2025-10-31,61.75,-0.0227355294025225
2025-11-30,58.58,-0.05270063410849921
2025-12-31,57.26,-0.022791041729618388
2026-01-31,60.46,0.05437968968134303
